id;client_name;client_email;client_phone;client_address
1;reciprocal withdrawal;"ia-@=(^jWj.Ho:=dB";"233899";Market a
2;Nord-Pas-de-Calais Handcrafted;"wot@O#Zlo.IK";"50838";a quantify uniform
3;e-markets a;"+@|'c.mZ-03";"574";Ergonomic Avon
4;paradigms transitional Multi-layered;"o{<5=@o.LS";"27";Chair b
5;Bike payment Borders;"ln8w=\@-C:+.4";"09013";Ball client-driven
6;distributed Avon reboot;"]P}+@J.|BmsrW";"076990";Account b
7;Checking;"d@OxwOM.q=Z";"7";copying viral systems
8;invoice cohesive;"VE3@YRJW../xw0j";"643";Soap
9;red SAS;"~@b`e]F.h";"127";payment Ergonomic FTP
10;Nord-Pas-de-Calais Midi-Pyrénées Mongolie;"VHlS@uZ.L}0S";"2271";Grocery
